{"cameraMode":{"drawMode":0,"name":"Shaded","section":"Shading Mode"},"sceneLighting":true,"audioPlay":false,"sceneViewState":{"m_AlwaysRefresh":false,"showFog":true,"showSkybox":true,"showFlares":true,"showImageEffects":true,"showParticleSystems":true,"showVisualEffectGraphs":true,"m_FxEnabled":false},"in2DMode":false,"pivot":{"x":3.0221245288848879,"y":3.4677066802978517,"z":1.1477131843566895},"rotation":{"x":0.2515259385108948,"y":0.03193208575248718,"z":-0.008303403854370118,"w":0.9672883749008179},"size":5.168631076812744,"orthographic":false}