{"cameraMode":{"drawMode":0,"name":"Shaded","section":"Shading Mode"},"sceneLighting":true,"audioPlay":false,"sceneViewState":{"m_AlwaysRefresh":false,"showFog":true,"showSkybox":true,"showFlares":true,"showImageEffects":true,"showParticleSystems":true,"showVisualEffectGraphs":true,"m_FxEnabled":false},"in2DMode":false,"pivot":{"x":-5.091821670532227,"y":-2.1663131713867189,"z":3.0901622772216799},"rotation":{"x":0.08393479883670807,"y":-0.8970465660095215,"z":0.19401296973228455,"w":0.3880678713321686},"size":21.238086700439454,"orthographic":false}